Saks Global,@hellosaksglobal,Jun 25,"Marcas globales por #marketcap
$AAPL $GOOG $MSFT $AMZN"
Mason Nash StockWatch,@MasonNash63,Jun 22,$AMZN AI DATA CENTER!!!!!!
"Simon, o Bot",@fintwitbr,Jun 26,"Amazon usará pequenas empresas para entrega de produtos nos EUA
 (Poder360)
#AMZN #AMZO34"
Isabella Silveira| Casamento Inconveniente na Amzn,@isasilveirabook,Jun 23," ""Um amor para o pai viúvo"", Arthur e Letícia mostram que nas piores circunstâncias, o amor pode florescer. Uma história de superação, onde duas almas quebradas encontram consolo e uma chance de recomeçar juntas. Você não vai conseguir largar esse livro! #AmorEmConstrução"
"Simon, o Bot",@fintwitbr,Jun 22,"TikTok prepara um 'Project S' para entrar nas compras online
 (Folha)
#AMZN #AMZO34"
Isabella Silveira| Casamento Inconveniente na Amzn,@isasilveirabook,Jun 24," Uma história de superação e segundas chances! ""Um amor para o pai viúvo"" vai te emocionar do início ao fim. Descubra como Arthur e Letícia encontram o amor e a cura em meio à dor e constróem uma bela história juntos. Prepare-se para se apaixonar! #LivroEmocionante"
Vagas pra Jr,@vagasprajr,Jun 19,"Software Development Engineer - eero, eero B2B Software Team
https://tecnovagas.com/jobs/d9d1b85a-eae2-40ca-8833-7b8fc7c8ca09…
Amzn Servicos de Varejo do Bra
São Paulo, SP"
Isabella Silveira| Casamento Inconveniente na Amzn,@isasilveirabook,Jun 19," Prepare-se para se apaixonar por ""Um amor para o pai viúvo""! Letícia, com sua gentileza e altruísmo, encontra em Arthur uma vulnerabilidade por trás de sua aparência bruta. Juntos, eles mostram que o amor pode superar qualquer dor e construir algo especial. #RomanceComovente"
Mr 8,@mista82u,Jun 22,"$AMZN $50K Prem 6/23 & 6/30  
$SPY $ES $QQQ"
Xtrateg,@xtrateg,Jun 22,"ESTRATEGIA: Basica1M 
 Compra $AMZN a precio 128.485 por valor de 518
 Stoploss 122.06"
Isabella Silveira| Casamento Inconveniente na Amzn,@isasilveirabook,Jun 21," ""Um amor para o pai viúvo""! Letícia, com sua gentileza e altruísmo, encontra em Arthur uma vulnerabilidade surpreendente por trás de sua aparência bruta. Juntos, eles mostram que o amor pode superar qualquer dor e construir algo verdadeiramente especial. #RomanceComovente"
Ofertas y Chollos de Amazon,@OffersAmzn,Jun 22,"Super Mario Bros. Wonder

Precio: 59,90€

https://amzn.to/44aPXg0"
Isabella Silveira| Casamento Inconveniente na Amzn,@isasilveirabook,Jun 19,"Encontre amor e calor nessa história envolvente entre um pai solo e uma enfermeira altruísta. Não perca ""Um Amor para o Pai Viúvo"".  https://amz.run/6hEV #Romance #PaiViúvo #AmorVerdadeiro"
Isabella Silveira| Casamento Inconveniente na Amzn,@isasilveirabook,Jun 20,Eu acho que nunca estive tão cansada em minha vida! Porém minha casa ficou pronta  cenas dos próximos cap = mudança
Isabella Silveira| Casamento Inconveniente na Amzn,@isasilveirabook,Jun 20," Em ""Um amor para o pai viúvo"", acompanhe a emocionante jornada de Arthur e Letícia rumo à cura e ao amor verdadeiro. Uma história imperdível! #LivroRomântico #AmorParaOPaiViúvo https://amz.run/6hEV"
Isabella Silveira| Casamento Inconveniente na Amzn,@isasilveirabook,Jun 23,"Um amor para o pai viúvo: romance entre melhores amigos, pai solo e mocinha disposta a ajudar.  Encontre o livro aqui: https://amz.run/6hEV #livros #romance"
Isabella Silveira| Casamento Inconveniente na Amzn,@isasilveirabook,Jun 20,"Um encontro inesperado entre um pai solo e uma antiga colega de escola pode mudar suas vidas para sempre. Descubra a história de Arthur e Letícia em ""Um Amor para o Pai Viúvo"".  https://amz.run/6hEV #Romance #PaiViúvo #AmorVerdadeiro"
Isabella Silveira| Casamento Inconveniente na Amzn,@isasilveirabook,Jun 21,"Descubra um romance intenso e cheio de emoção entre um pai solo e uma enfermeira determinada em ""Um Amor para o Pai Viúvo"". Disponível agora na Amazon!  https://amz.run/6hEV #Romance #PaiSolo #AmorVerdadeiro"
Isabella Silveira| Casamento Inconveniente na Amzn,@isasilveirabook,Jun 20,"Um encontro inesperado entre um pai solo e uma antiga colega de escola pode mudar suas vidas para sempre. Descubra a história de Arthur e Letícia em ""Um Amor para o Pai Viúvo"".  https://amz.run/6hEV #Romance #PaiViúvo #AmorVerdadeiro"
Isabella Silveira| Casamento Inconveniente na Amzn,@isasilveirabook,Jun 21,"Descubra um romance intenso e cheio de emoção entre um pai solo e uma enfermeira determinada em ""Um Amor para o Pai Viúvo"". Disponível agora na Amazon!  https://amz.run/6hEV #Romance #PaiSolo #AmorVerdadeiro"
Isabella Silveira| Casamento Inconveniente na Amzn,@isasilveirabook,Jun 22," ""Um amor para o pai viúvo"" é um romance apaixonante que vai tocar seu coração. Arthur e Letícia mostram que o amor é capaz de curar todas as feridas. Não perca essa história de superação! #AmorParaOPaiViúvo #LivroComovente"
Isabella Silveira| Casamento Inconveniente na Amzn,@isasilveirabook,Jun 20,"Um encontro inesperado entre um pai solo e uma antiga colega de escola pode mudar suas vidas para sempre. Descubra a história de Arthur e Letícia em ""Um Amor para o Pai Viúvo"".  https://amz.run/6hEV #Romance #PaiViúvo #AmorVerdadeiro"
Isabella Silveira| Casamento Inconveniente na Amzn,@isasilveirabook,Jun 21,"Descubra um romance intenso e cheio de emoção entre um pai solo e uma enfermeira determinada em ""Um Amor para o Pai Viúvo"". Disponível agora na Amazon!  https://amz.run/6hEV #Romance #PaiSolo #AmorVerdadeiro"
Isabella Silveira| Casamento Inconveniente na Amzn,@isasilveirabook,Jun 22," ""Um amor para o pai viúvo"" é um romance apaixonante que vai tocar seu coração. Arthur e Letícia mostram que o amor é capaz de curar todas as feridas. Não perca essa história de superação! #AmorParaOPaiViúvo #LivroComovente"
Isabella Silveira| Casamento Inconveniente na Amzn,@isasilveirabook,Jun 20,"Um encontro inesperado entre um pai solo e uma antiga colega de escola pode mudar suas vidas para sempre. Descubra a história de Arthur e Letícia em ""Um Amor para o Pai Viúvo"".  https://amz.run/6hEV #Romance #PaiViúvo #AmorVerdadeiro"
Isabella Silveira| Casamento Inconveniente na Amzn,@isasilveirabook,Jun 21,"Descubra um romance intenso e cheio de emoção entre um pai solo e uma enfermeira determinada em ""Um Amor para o Pai Viúvo"". Disponível agora na Amazon!  https://amz.run/6hEV #Romance #PaiSolo #AmorVerdadeiro"
Isabella Silveira| Casamento Inconveniente na Amzn,@isasilveirabook,Jun 22," ""Um amor para o pai viúvo"" é um romance apaixonante que vai tocar seu coração. Arthur e Letícia mostram que o amor é capaz de curar todas as feridas. Não perca essa história de superação! #AmorParaOPaiViúvo #LivroComovente"
Isabella Silveira| Casamento Inconveniente na Amzn,@isasilveirabook,Jun 20,"Um encontro inesperado entre um pai solo e uma antiga colega de escola pode mudar suas vidas para sempre. Descubra a história de Arthur e Letícia em ""Um Amor para o Pai Viúvo"".  https://amz.run/6hEV #Romance #PaiViúvo #AmorVerdadeiro"
Isabella Silveira| Casamento Inconveniente na Amzn,@isasilveirabook,Jun 21,"Descubra um romance intenso e cheio de emoção entre um pai solo e uma enfermeira determinada em ""Um Amor para o Pai Viúvo"". Disponível agora na Amazon!  https://amz.run/6hEV #Romance #PaiSolo #AmorVerdadeiro"
Isabella Silveira| Casamento Inconveniente na Amzn,@isasilveirabook,Jun 22," ""Um amor para o pai viúvo"" é um romance apaixonante que vai tocar seu coração. Arthur e Letícia mostram que o amor é capaz de curar todas as feridas. Não perca essa história de superação! #AmorParaOPaiViúvo #LivroComovente"
Isabella Silveira| Casamento Inconveniente na Amzn,@isasilveirabook,Jun 20,"Um encontro inesperado entre um pai solo e uma antiga colega de escola pode mudar suas vidas para sempre. Descubra a história de Arthur e Letícia em ""Um Amor para o Pai Viúvo"".  https://amz.run/6hEV #Romance #PaiViúvo #AmorVerdadeiro"
Isabella Silveira| Casamento Inconveniente na Amzn,@isasilveirabook,Jun 21,"Descubra um romance intenso e cheio de emoção entre um pai solo e uma enfermeira determinada em ""Um Amor para o Pai Viúvo"". Disponível agora na Amazon!  https://amz.run/6hEV #Romance #PaiSolo #AmorVerdadeiro"
Isabella Silveira| Casamento Inconveniente na Amzn,@isasilveirabook,Jun 22," ""Um amor para o pai viúvo"" é um romance apaixonante que vai tocar seu coração. Arthur e Letícia mostram que o amor é capaz de curar todas as feridas. Não perca essa história de superação! #AmorParaOPaiViúvo #LivroComovente"
Isabella Silveira| Casamento Inconveniente na Amzn,@isasilveirabook,Jun 20,"Um encontro inesperado entre um pai solo e uma antiga colega de escola pode mudar suas vidas para sempre. Descubra a história de Arthur e Letícia em ""Um Amor para o Pai Viúvo"".  https://amz.run/6hEV #Romance #PaiViúvo #AmorVerdadeiro"
Isabella Silveira| Casamento Inconveniente na Amzn,@isasilveirabook,Jun 21,"Descubra um romance intenso e cheio de emoção entre um pai solo e uma enfermeira determinada em ""Um Amor para o Pai Viúvo"". Disponível agora na Amazon!  https://amz.run/6hEV #Romance #PaiSolo #AmorVerdadeiro"
Isabella Silveira| Casamento Inconveniente na Amzn,@isasilveirabook,Jun 22," ""Um amor para o pai viúvo"" é um romance apaixonante que vai tocar seu coração. Arthur e Letícia mostram que o amor é capaz de curar todas as feridas. Não perca essa história de superação! #AmorParaOPaiViúvo #LivroComovente"
Isabella Silveira| Casamento Inconveniente na Amzn,@isasilveirabook,Jun 20,"Um encontro inesperado entre um pai solo e uma antiga colega de escola pode mudar suas vidas para sempre. Descubra a história de Arthur e Letícia em ""Um Amor para o Pai Viúvo"".  https://amz.run/6hEV #Romance #PaiViúvo #AmorVerdadeiro"
Isabella Silveira| Casamento Inconveniente na Amzn,@isasilveirabook,Jun 21,"Descubra um romance intenso e cheio de emoção entre um pai solo e uma enfermeira determinada em ""Um Amor para o Pai Viúvo"". Disponível agora na Amazon!  https://amz.run/6hEV #Romance #PaiSolo #AmorVerdadeiro"
Isabella Silveira| Casamento Inconveniente na Amzn,@isasilveirabook,Jun 22," ""Um amor para o pai viúvo"" é um romance apaixonante que vai tocar seu coração. Arthur e Letícia mostram que o amor é capaz de curar todas as feridas. Não perca essa história de superação! #AmorParaOPaiViúvo #LivroComovente"
Isabella Silveira| Casamento Inconveniente na Amzn,@isasilveirabook,Jun 20,"Um encontro inesperado entre um pai solo e uma antiga colega de escola pode mudar suas vidas para sempre. Descubra a história de Arthur e Letícia em ""Um Amor para o Pai Viúvo"".  https://amz.run/6hEV #Romance #PaiViúvo #AmorVerdadeiro"
Isabella Silveira| Casamento Inconveniente na Amzn,@isasilveirabook,Jun 21,"Descubra um romance intenso e cheio de emoção entre um pai solo e uma enfermeira determinada em ""Um Amor para o Pai Viúvo"". Disponível agora na Amazon!  https://amz.run/6hEV #Romance #PaiSolo #AmorVerdadeiro"
Isabella Silveira| Casamento Inconveniente na Amzn,@isasilveirabook,Jun 22," ""Um amor para o pai viúvo"" é um romance apaixonante que vai tocar seu coração. Arthur e Letícia mostram que o amor é capaz de curar todas as feridas. Não perca essa história de superação! #AmorParaOPaiViúvo #LivroComovente"
Isabella Silveira| Casamento Inconveniente na Amzn,@isasilveirabook,Jun 20,"Um encontro inesperado entre um pai solo e uma antiga colega de escola pode mudar suas vidas para sempre. Descubra a história de Arthur e Letícia em ""Um Amor para o Pai Viúvo"".  https://amz.run/6hEV #Romance #PaiViúvo #AmorVerdadeiro"
Isabella Silveira| Casamento Inconveniente na Amzn,@isasilveirabook,Jun 21,"Descubra um romance intenso e cheio de emoção entre um pai solo e uma enfermeira determinada em ""Um Amor para o Pai Viúvo"". Disponível agora na Amazon!  https://amz.run/6hEV #Romance #PaiSolo #AmorVerdadeiro"
Isabella Silveira| Casamento Inconveniente na Amzn,@isasilveirabook,Jun 22," ""Um amor para o pai viúvo"" é um romance apaixonante que vai tocar seu coração. Arthur e Letícia mostram que o amor é capaz de curar todas as feridas. Não perca essa história de superação! #AmorParaOPaiViúvo #LivroComovente"
